,code,name,changepercent,trade,open,high,low,settlement,volume,turnoverratio,amount,per,pb,mktcap,nmc
0,603999,读者传媒,0.0,4.13,4.18,4.21,4.1,4.13,1423980.0,0.6180500000000001,5921771.0,31.527,1.415,237888.0,95155.2
1,603998,方盛制药,-1.691,4.65,4.8,4.81,4.53,4.73,3155100.0,0.7420300000000001,14758081.0,33.214,1.944,199281.6648,197716.4748
2,603997,继峰股份,-9.091,8.0,7.92,8.8,7.92,8.8,36003103.0,5.71478,292791058.0,17.391,3.0,510175.36,504000.0
3,603996,中新科技,-4.3,6.9,7.32,7.42,6.82,7.21,5124345.0,4.9618400000000005,36260616.0,14.082,1.374,207103.5,71259.75
4,603993,洛阳钼业,-0.27,3.7,3.74,3.78,3.66,3.71,82216572.0,0.46540000000000004,305894436.0,26.429,2.02,7991719.01571,6536335.85571
5,603991,至正股份,0.06,16.73,16.65,16.96,16.25,16.72,556050.0,1.35361,9289599.0,30.981,2.673,124697.051654,68725.029814
6,603990,麦迪科技,-0.345,28.89,29.0,29.28,28.24,28.99,81800.0,0.13572,2352436.0,45.141,5.413,232954.45722,174125.808
7,603989,艾华集团,-2.778,20.3,20.43,21.34,20.1,20.88,436395.0,0.1119,8945341.0,20.928,4.591,791703.36168,791703.36168
8,603988,中电电机,-5.388,8.78,9.29,9.37,8.69,9.28,5072086.0,2.1565,45625981.0,31.357,2.223,206505.6,206505.6